{
  "project_info": {
    "project_number": "29699018316",
    "firebase_url": "https://form-53448.firebaseio.com",
    "project_id": "form-53448",
    "storage_bucket": "form-53448.appspot.com"
  },
  "client": [
    {
      "client_info": {
        "mobilesdk_app_id": "1:29699018316:android:420992f07067a3cea96ee9",
        "android_client_info": {
          "package_name": "com.android.application"
        }
      },
      "oauth_client": [
        {
          "client_id": "29699018316-vg0agc6m75nq75s37ujn5stoj3j2p6lb.apps.googleusercontent.com",
          "client_type": 1,
          "android_info": {
            "package_name": "com.android.application",
            "certificate_hash": "b1522c762136dc93c9a57fac725811a05ec02c3f"
          }
        },
        {
          "client_id": "29699018316-f33bos2rsgn1bkv4imcn268lpg5q8uq5.apps.googleusercontent.com",
          "client_type": 3
        }
      ],
      "api_key": [
        {
          "current_key": "AIzaSyBimqSKTfNNcwhNG82zRxoYno0NEBszHTU"
        }
      ],
      "services": {
        "appinvite_service": {
          "other_platform_oauth_client": [
            {
              "client_id": "29699018316-f33bos2rsgn1bkv4imcn268lpg5q8uq5.apps.googleusercontent.com",
              "client_type": 3
            }
          ]
        }
      }
    }
  ],
  "configuration_version": "1"
}